fecha,ECOPETROL.CL,BOGOTA.CL,GRUPOSURA.CL,ISA.CL,ICOLCAP.CL
2018-01-02,895,37694,31477,9192,10561
2018-01-03,931,37437,31083,9257,10686
2018-01-04,931,37437,31083,9257,10747
2018-01-05,990,37996,31587,9231,10824
2018-01-09,1012,37873,32516,9283,10858
2018-01-10,1004,37437,31791,9283,10892
2018-01-11,960,36878,31477,9309,10785
2018-01-12,960,36878,31477,9309,10754
2018-01-15,925,36845,31162,9270,10673
2018-01-16,958,37381,31980,9361,10824
2018-01-17,958,37381,31980,9361,10858
2018-01-18,958,37381,31980,9361,10914
2018-01-19,976,37984,32122,9478,10928
2018-01-22,1026,37996,32122,9452,10982
2018-01-23,1071,37727,32232,9439,11027
2018-01-24,1109,38052,32500,9374,11245
2018-01-25,1087,38052,32358,9413,11218
2018-01-26,1093,38186,32280,9361,11243
2018-01-29,1099,38119,32752,9426,11230
2018-01-30,1069,37973,32469,9361,11170
2018-01-31,1053,37412,31587,9296,11142
2018-02-01,1097,37031,32043,9413,11160
2018-02-02,1055,37109,32122,9556,11071
2018-02-06,990,37794,31177,9244,10815
2018-02-07,962,37132,31492,9335,10773
2018-02-08,925,37244,30941,9218,10707
2018-02-09,968,37019,30233,9101,10671
2018-02-12,958,37019,30154,9036,10733
2018-02-13,944,37558,30091,8919,10651
2018-02-14,990,37132,30201,8958,10692
2018-02-15,986,37132,30548,8945,10718
2018-02-16,984,37188,31099,8919,10770
2018-02-19,982,37076,31351,8802,10692
2018-02-20,984,37289,31020,8646,10752
2018-02-21,980,37580,31225,8841,10777
2018-02-22,1016,37311,31099,8932,10837
2018-02-23,1039,37458,31083,8971,10853
2018-02-26,1051,37536,31099,8971,10807
2018-02-27,1041,37458,30862,9075,10721
2018-02-28,994,37176,30248,8906,10519
2018-03-06,992,37548,30705,8802,10450
2018-03-07,970,37728,30406,8711,10438
2018-03-08,980,37728,30437,8659,10446
2018-03-09,992,37840,30311,8581,10475
2018-03-12,982,38009,30500,8581,10432
2018-03-14,992,37998,29760,8438,10354
2018-03-15,1004,38291,29524,8334,10383
2018-03-16,1004,38291,29524,8334,10429
2018-03-20,1057,38257,29524,8412,10473
2018-03-21,1089,38257,29697,8451,10539
2018-03-22,1037,38122,29556,8620,10363
2018-03-23,1037,38275,29658,8620,10362
2018-03-26,1099,38275,29247,8503,10409
2018-03-27,1047,38275,28899,8503,10365
2018-03-28,1047,38275,28899,8503,10252
2018-04-02,1065,38410,29737,8724,10400
2018-04-03,1081,38444,30416,8880,10554
2018-04-04,1085,39439,29879,8815,10606
2018-04-05,1085,39292,30053,9023,10719
2018-04-06,1085,39292,30053,9023,10708
2018-04-09,1087,39032,30021,9309,10867
2018-04-10,1105,39236,30005,9374,10928
2018-04-11,1180,39258,30021,9179,11068
2018-04-12,1170,39055,30021,9179,10993
2018-04-13,1188,39055,30021,9179,10975
2018-04-16,1110,39179,30021,9088,10910
2018-04-17,1154,39123,30100,9348,11008
2018-04-18,1180,38783,30290,9556,11108
2018-04-19,1218,39236,30306,9647,11161
2018-04-20,1218,39236,30306,9647,11112
2018-04-23,1240,39179,30558,9816,11183
2018-04-24,1230,39236,30590,9426,11097
2018-04-25,1224,39389,30558,9686,11086
2018-04-26,1210,39389,30622,9517,11064
2018-04-27,1210,39389,30622,9517,11162
2018-04-30,1246,39446,30795,9413,11146
2018-05-02,1248,39730,30290,9309,11167
2018-05-03,1244,39730,29879,9088,11138
2018-05-04,1244,39730,29879,9088,11045
2018-05-07,1218,39014,29942,9036,11014
2018-05-08,1240,39014,29705,8945,10956
2018-05-09,1270,39718,29974,8984,11101
2018-05-10,1246,39707,29832,9153,11055
2018-05-11,1246,39707,29832,9153,11115
2018-05-15,1323,39673,30021,9400,11202
2018-05-16,1288,39661,29847,9153,11051
2018-05-17,1274,39673,29263,8971,10930
2018-05-18,1274,39673,29263,8971,10844
2018-05-21,1256,39559,28994,9036,10859
2018-05-22,1250,39559,29263,9127,10868
2018-05-23,1216,39559,29279,9270,10887
2018-05-24,1236,39559,29231,9192,10879
2018-05-25,1236,39559,29231,9192,10917
2018-05-28,1166,39713,28963,9088,10882
2018-05-29,1218,39873,29073,9140,10986
2018-05-30,1254,39531,29373,9101,11049
2018-05-31,1242,39873,29326,9205,11031
2018-06-01,1242,39873,29326,9205,11113
2018-06-05,1238,39542,29721,9348,11125
2018-06-06,1212,39542,29642,9361,11077
2018-06-07,1230,39827,29547,9465,11068
2018-06-08,1230,39827,29547,9465,11032
2018-06-12,1208,39428,29263,9595,11040
2018-06-13,1210,39314,29389,9491,11070
2018-06-14,1208,38824,29326,9374,11070
2018-06-15,1208,38824,29326,9374,11024
2018-06-18,1200,39303,29516,9179,11113
2018-06-19,1168,38744,29026,8919,10989
2018-06-20,1156,39303,29026,8867,10985
2018-06-21,1144,38824,28915,8906,10957
2018-06-22,1144,38824,28915,8906,10952
2018-06-25,1134,38972,28662,9036,10887
2018-06-26,1160,39447,28971,9270,11022
2018-06-27,1194,39264,29019,9244,11095
2018-06-28,1200,38898,29209,9361,11124
2018-06-29,1200,38898,29209,9361,11356
2018-07-03,1178,39012,29621,9114,11312
2018-07-04,1178,39035,29843,9426,11213
2018-07-05,1164,39413,29875,9426,11233
2018-07-06,1164,39413,29875,9606,11224
2018-07-09,1206,39241,29146,9381,11150
2018-07-10,1214,39424,29241,9420,11175
2018-07-11,1188,39356,29241,9314,11130
2018-07-12,1184,39253,29225,9235,11135
2018-07-13,1184,39253,29225,9235,11102
2018-07-16,1182,39699,29368,9381,11102
2018-07-17,1190,39745,29637,9394,11120
2018-07-18,1192,39653,29574,9434,11096
2018-07-19,1192,39653,29574,9434,11096
2018-07-23,1194,39333,29241,9487,11123
2018-07-24,1192,39184,29177,9434,11107
2018-07-25,1206,39733,28607,9142,11027
2018-07-26,1208,39911,28670,9460,11004
2018-07-27,1208,39911,28670,9460,11029
2018-07-30,1238,40175,29431,9540,11098
2018-07-31,1234,39337,28622,9407,11025
2018-08-01,1256,39417,28686,9261,10957
2018-08-02,1258,39613,28480,9155,10968
2018-08-03,1258,39613,28480,9155,10944
2018-08-06,1262,39613,28622,9089,11010
2018-08-08,1276,39624,28940,9261,10926
2018-08-09,1218,39624,29415,9208,10957
2018-08-10,1218,39624,29415,9208,10904
2018-08-13,1230,39417,28955,9063,10908
2018-08-14,1246,39337,29146,9102,10952
2018-08-15,1206,39590,28940,9169,10922
2018-08-16,1232,39337,29035,9036,10967
2018-08-17,1232,39337,29035,9036,10929
2018-08-21,1262,39601,29019,9049,10974
2018-08-22,1295,39613,29257,9063,10982
2018-08-23,1303,39601,29336,9142,10993
2018-08-24,1303,39601,29336,9142,11031
2018-08-27,1329,39624,29098,9195,11023
2018-08-28,1339,39780,29336,9116,11103
2018-08-29,1361,39780,28559,9010,11074
2018-08-30,1385,39664,28543,8983,11045
2018-08-31,1385,39664,28543,8983,11000
2018-09-03,1365,39526,28464,8904,11048
2018-09-04,1389,39780,27861,8890,10977
2018-09-05,1379,39630,26989,8559,10829
2018-09-06,1363,39376,26450,8625,10718
2018-09-07,1363,39376,26450,8625,10682
2018-09-10,1371,39203,26386,8917,10574
2018-09-11,1418,39376,26878,8930,10565
2018-09-12,1556,39376,27274,8864,10821
2018-09-13,1534,39376,27433,9036,10746
2018-09-14,1534,39376,27433,9036,10704
2018-09-17,1576,39203,27512,8692,10728
2018-09-18,1605,38869,27433,8943,10786
2018-09-19,1568,39203,27433,8864,10784
2018-09-20,1513,38915,26561,8625,10770
2018-09-21,1513,38915,26561,8625,10662
2018-09-24,1589,39203,26561,8784,10723
2018-09-25,1601,39360,26425,8731,10721
2018-09-26,1599,39302,26648,8758,10696
2018-09-27,1621,39360,26951,8864,10730
2018-09-28,1621,39360,26951,8864,10780
2018-10-01,1690,38549,27460,8864,10857
2018-10-02,1690,38549,27460,8864,10830
2018-10-03,1672,39348,27428,8877,10954
2018-10-04,1695,39059,27301,9049,10873
2018-10-05,1662,39035,27205,9116,10794
2018-10-10,1635,39128,26823,8506,10584
2018-10-11,1635,39128,26823,8506,10476
2018-10-12,1589,39128,26553,8427,10558
2018-10-16,1617,38931,26982,8837,10549
2018-10-17,1617,38931,26982,8837,10643
2018-10-18,1615,39012,27078,8731,10486
2018-10-19,1599,39244,26425,8586,10415
2018-10-22,1613,39012,26186,8082,10402
2018-10-23,1613,39012,26186,8082,10329
2018-10-24,1566,39244,26425,8201,10195
2018-10-25,1501,39244,25836,8148,10111
2018-10-26,1509,38355,25311,8042,10027
2018-10-29,1503,38389,25470,7777,10051
2018-10-30,1503,38389,25470,7777,10054
2018-10-31,1528,38355,25056,7897,10132
2018-11-01,1523,37204,24993,7923,9921
2018-11-02,1411,37192,24674,8135,9896
2018-11-06,1401,37181,24913,8612,9947
2018-11-07,1401,37181,24913,8612,10181
2018-11-08,1418,37134,25152,8930,10236
2018-11-09,1395,37192,25152,8996,10295
2018-11-13,1320,37192,24993,8440,10017
2018-11-14,1320,37192,24993,8440,10108
2018-11-15,1336,36960,25820,8758,10243
2018-11-16,1334,37181,26107,8890,10306
2018-11-19,1299,36960,26266,8692,10217
2018-11-20,1246,34124,25693,8546,10153
2018-11-21,1283,34868,25820,8546,9985
2018-11-22,1279,34287,25868,8519,9858
2018-11-23,1230,34601,25804,8546,9861
2018-11-26,1253,34752,25868,8771,9982
2018-11-27,1279,34968,25247,8546,9934
2018-11-28,1269,34909,25582,8756,9932
2018-11-29,1267,34150,25709,8811,9971
2018-11-30,1265,34676,25709,8756,9947
2018-12-03,1340,34512,25995,8797,10075
2018-12-04,1287,34571,26123,9095,10039
2018-12-05,1312,34442,26155,9122,10076
2018-12-06,1263,34524,25979,9189,10004
2018-12-07,1263,34559,26091,9298,10044
2018-12-10,1230,34442,25964,9298,9857
2018-12-11,1214,34442,25979,9284,9897
2018-12-12,1228,34442,26425,9298,9884
2018-12-13,1206,32714,26171,9325,9851
2018-12-14,1198,34384,25741,9325,9717
2018-12-17,1171,32691,25629,9338,9665
2018-12-18,1155,33275,25613,9271,9623
2018-12-19,1147,32107,25613,9528,9641
2018-12-20,1065,32691,25311,9271,9448
2018-12-21,1086,31523,25184,9474,9448
2018-12-24,1039,32621,25693,9677,9377
2018-12-26,1108,32621,25573,9663,9584
2018-12-27,1106,32516,25717,9474,9452
2018-12-28,1077,32574,25669,9460,9512
2019-01-02,1079,31712,25812,9474,9584
2019-01-03,1124,33436,25717,9704,9580
2019-01-04,1141,32873,25653,9812,9769
2019-01-08,1177,33143,25812,9893,9798
2019-01-09,1196,34023,25796,9582,9983
2019-01-10,1196,34023,25780,9623,9952
2019-01-11,1181,34023,25796,9731,10027
2019-01-14,1185,34023,26132,9609,10033
2019-01-15,1193,34011,25972,9623,10036
2019-01-16,1193,33483,26116,9392,10072
2019-01-17,1185,32909,26116,9420,10071
2019-01-21,1181,34316,26164,9447,10045
2019-01-22,1181,34293,26260,9474,10067
2019-01-23,1151,33882,26691,9555,10111
2019-01-24,1155,33906,26755,9595,10240
2019-01-25,1165,34316,27091,9501,10267
2019-01-28,1147,34598,27411,9447,10256
2019-01-29,1161,34316,27571,9474,10355
2019-01-30,1187,34586,27267,9447,10468
2019-01-31,1189,35079,27555,9420,10516
2019-02-01,1196,35238,27666,9420,10530
2019-02-04,1189,36806,28386,9406,10630
2019-02-05,1202,37006,28769,9528,10777
2019-02-06,1189,37760,28769,9541,10787
2019-02-07,1167,37289,28146,9447,10631
2019-02-08,1167,37300,27858,9406,10644
2019-02-11,1157,37713,27810,9433,10590
2019-02-12,1191,37124,28146,9433,10666
2019-02-13,1204,37300,27954,9447,10640
2019-02-14,1208,37100,27890,9474,10647
2019-02-15,1244,37124,27970,9555,10711
2019-02-18,1248,37242,27954,9541,10730
2019-02-19,1242,37230,27954,9514,10676
2019-02-20,1257,37324,27571,9541,10730
2019-02-25,1281,37701,28673,9487,10886
2019-02-26,1301,37124,28609,9501,11013
2019-02-27,1316,37654,28034,9528,10931
2019-02-28,1271,37194,27970,9460,10936
2019-03-01,1289,37899,27922,9501,10954
2019-03-04,1308,37544,27826,9460,10988
2019-03-05,1310,37875,27714,9474,10973
2019-03-06,1301,40219,28018,9568,11015
2019-03-07,1293,39520,27890,9568,11031
2019-03-08,1277,38786,27491,9609,10862
2019-03-12,1316,40230,27970,9704,11097
2019-03-13,1356,40834,28290,10069,11230
2019-03-21,1452,39958,29696,10895,11785
2019-03-26,1413,40124,29009,11328,11631
2019-03-27,1373,39579,28386,11030,11392
2019-03-28,1373,39246,28769,10759,11280
2019-03-29,1391,39246,29281,10800,11475
2019-04-01,1409,39246,28913,10962,11460
2019-04-02,1401,38949,28609,10935,11446
2019-04-03,1389,39722,28609,10976,11496
2019-04-04,1365,39710,28641,10881,11482
2019-04-05,1369,39246,28929,10746,11625
2019-04-08,1395,39722,29296,10705,11691
2019-04-09,1377,39782,29312,10962,11703
2019-04-10,1387,39841,29473,11030,11714
2019-04-11,1352,39603,29055,10976,11668
2019-04-12,1352,39603,29055,10976,11701
2019-04-15,1316,39900,28093,10502,11546
2019-04-16,1316,39900,28093,10502,11350
2019-04-17,1443,39722,27964,10489,11470
2019-04-22,1355,39853,28702,10895,11634
2019-04-23,1355,39853,28702,10895,11678
2019-04-24,1359,40305,28879,10827,11668
2019-04-25,1346,41691,29120,10908,11694
2019-04-26,1346,41631,29200,10841,11694
2019-04-29,1322,41763,28879,10962,11643
2019-04-30,1322,41763,28879,10962,11565
2019-05-02,1289,40783,28799,10800,11484
2019-05-03,1289,40783,28799,10800,11424
2019-05-06,1276,40926,28719,10827,11374
2019-05-07,1276,40926,28719,10827,11262
2019-05-08,1263,41177,28462,10786,11405
2019-05-09,1300,39576,28237,10705,11389
2019-05-10,1331,39636,28077,10678,11381
2019-05-13,1322,39636,27387,10489,11228
2019-05-14,1322,39636,27387,10489,11168
2019-05-15,1316,40006,27034,10516,11117
2019-05-16,1327,39636,26472,10638,11036
2019-05-17,1346,39803,26873,10638,11025
2019-05-20,1333,40042,26456,10597,10900
2019-05-21,1333,40042,26456,10597,10953
2019-05-22,1355,39743,26745,10665,10956
2019-05-23,1331,40030,26649,10678,10845
2019-05-24,1287,40030,26087,10678,10930
2019-05-27,1292,39731,26633,10692,10834
2019-05-28,1292,39923,26633,10692,10769
2019-05-29,1233,39323,26537,10543,10917
2019-05-30,1257,39335,26873,10624,10896
2019-05-31,1230,39599,26825,10746,10916
2019-06-04,1235,39143,26777,11165,10963
2019-06-05,1235,39143,26777,11165,10951
2019-06-06,1206,39047,26633,11314,10922
2019-06-07,1213,38759,26841,11423,11090
2019-06-11,1226,39383,27034,11977,11123
2019-06-12,1193,39731,27178,12451,11083
2019-06-13,1211,39731,27178,12586,11185
2019-06-14,1222,39839,26954,12695,11218
2019-06-17,1235,39983,26873,12573,11195
2019-06-18,1257,40236,27275,12654,11313
2019-06-19,1283,40344,27355,12776,11326
2019-06-20,1305,41112,26890,12776,11413
2019-06-21,1322,41112,27628,12844,11323
2019-06-25,1307,40473,27674,13101,11503
2019-06-26,1307,41305,27674,12356,11458
2019-06-27,1289,40557,27416,12059,11473
2019-06-28,1278,40545,27464,12086,11445
2019-07-02,1281,40617,27174,12126,11388
2019-07-03,1281,40617,27174,12126,11425
2019-07-04,1318,41245,27368,12451,11557
2019-07-05,1318,41245,27336,12519,11680
2019-07-08,1320,41257,27609,12992,11690
2019-07-09,1320,41257,27609,12992,11698
2019-07-10,1322,41607,28093,13195,11825
2019-07-11,1353,42765,28109,13466,11785
2019-07-12,1344,42704,28060,13398,11850
2019-07-15,1329,42704,28302,13331,11839
2019-07-16,1329,42704,28302,13331,11935
2019-07-17,1324,44635,28495,13317,11927
2019-07-18,1314,44273,28286,13493,11734
2019-07-19,1298,43983,27899,13177,11723
2019-07-22,1327,44092,28157,13040,11807
2019-07-23,1327,44092,28157,13040,11781
2019-07-24,1320,44092,28109,13150,11781
2019-07-25,1314,44031,27835,13246,11773
2019-07-26,1314,43644,27883,13589,11741
2019-07-29,1305,44286,27609,13013,11733
2019-07-30,1305,44286,27609,13013,11653
2019-07-31,1298,44213,27384,12354,11657
2019-08-01,1287,43317,27787,12216,11457
2019-08-02,1281,43050,27062,11983,11460
2019-08-05,1252,42408,26176,11118,11155
2019-08-06,1252,42408,26176,11118,11193
2019-08-07,1252,42408,26176,11118,11292
2019-08-08,1237,43014,26417,12011,11445
2019-08-09,1237,43014,26417,12011,11424
2019-08-12,1226,43014,26015,11736,11299
2019-08-13,1226,43014,26015,11736,11541
2019-08-14,1250,43183,26546,11928,11278
2019-08-15,1204,41366,25741,11599,11270
2019-08-16,1193,41572,25773,11942,11402
2019-08-19,1193,41572,25773,11942,11458
2019-08-20,1200,42529,26337,12422,11458
2019-08-21,1200,42529,26337,12422,11438
2019-08-22,1204,42965,26256,12422,11320
2019-08-23,1180,43304,25934,12354,11113
2019-08-26,1169,42541,25902,11709,11229
2019-08-27,1169,42736,25902,11709,11267
2019-08-28,1162,43223,26256,12011,11373
2019-08-29,1167,43515,26434,11997,11396
2019-08-30,1173,43247,26417,12285,11473
2019-09-02,1197,43247,26981,12697,11560
2019-09-03,1197,43247,26981,12697,11527
2019-09-04,1191,43539,27158,12958,11583
2019-09-05,1204,43271,27142,13232,11579
2019-09-06,1230,43807,27142,13301,11608
2019-09-09,1254,44428,27352,13301,11654
2019-09-10,1254,44428,27352,13301,11632
2019-09-11,1263,44428,27013,13301,11674
2019-09-12,1270,44732,27319,13205,11723
2019-09-13,1289,45036,27094,13205,11669
2019-09-16,1314,46254,27464,13795,11747
2019-09-17,1314,46254,27464,13795,11784
2019-09-18,1314,46254,27384,13726,11735
2019-09-19,1322,45657,26885,13520,11769
2019-09-20,1309,45645,26901,13630,11762
2019-09-23,1314,47227,26385,13383,11786
2019-09-24,1314,47227,26385,13383,11787
2019-09-25,1305,47667,26399,13452,11753
2019-09-26,1305,47056,26771,13081,11823
2019-09-27,1309,47961,26998,13054,11789
2019-09-30,1292,49134,26691,12518,11743
2019-10-01,1292,49134,26691,12518,11715
2019-10-02,1287,48890,26707,12697,11695
2019-10-03,1265,49183,26464,12697,11735
2019-10-04,1289,49110,26513,12999,11777
2019-10-07,1294,48890,26788,13369,11821
2019-10-08,1294,48890,26788,13369,11785
2019-10-09,1274,48890,26901,13301,11813
2019-10-10,1281,49000,26820,13301,11793
2019-10-11,1292,48890,26820,13054,11766
2019-10-15,1311,47973,26561,12889,11780
2019-10-16,1311,47973,26561,12889,11741
2019-10-17,1303,48951,26480,12903,11729
2019-10-18,1298,48902,26205,12944,11693
2019-10-21,1281,49501,26771,13040,11746
2019-10-22,1281,49501,26771,13040,11909
2019-10-23,1314,50112,27046,13315,11940
2019-10-24,1327,50295,26852,13315,11983
2019-10-25,1331,50173,26852,13562,12040
2019-10-28,1331,52836,27014,13699,12069
2019-10-29,1331,52836,27014,13699,12106
2019-10-30,1344,53670,27321,13726,12113
2019-10-31,1331,53388,27661,13383,12137
2019-11-01,1331,53388,27661,13383,12219
2019-11-05,1384,54283,28146,14056,12331
2019-11-06,1370,55191,27823,13836,12320
2019-11-07,1370,55020,27807,13932,12291
2019-11-08,1370,54541,26545,13864,12187
2019-11-12,1357,52197,27063,13891,12119
2019-11-13,1366,52173,26691,13891,12009
2019-11-14,1368,50308,26577,13356,12063
2019-11-15,1377,50921,27321,13479,12011
2019-11-18,1370,50615,26966,13822,11976
2019-11-19,1357,51510,26885,13191,11906
2019-11-20,1370,50308,26626,12697,11910
2019-11-21,1377,50296,26933,12285,11873
2019-11-22,1388,50283,27208,12820,11934
2019-11-25,1384,50308,26723,12560,11906
2019-11-26,1384,50505,26852,12834,11799
2019-11-27,1403,51121,26141,12532,11748
2019-11-28,1410,52969,26286,12903,11881
2019-11-29,1410,52969,26286,12903,11893
2019-12-02,1414,53277,26157,12601,11874
2019-12-03,1401,50530,26448,12628,11818
2019-12-04,1458,50690,27079,12587,11867
2019-12-05,1436,52969,26771,13002,12013
2019-12-06,1445,52969,26674,12891,12015
2019-12-09,1436,52661,26286,13086,11962
2019-12-10,1427,52956,26513,12988,11893
2019-12-11,1432,52956,26448,12710,11954
2019-12-12,1447,52969,26577,12751,12019
2019-12-13,1456,53585,26707,13239,12088
2019-12-16,1460,53572,26448,13100,12148
2019-12-17,1473,53585,26043,13072,12035
2019-12-18,1466,53523,26642,13016,12150
2019-12-19,1484,53585,27095,13044,12226
2019-12-20,1493,53585,26658,12988,12293
2019-12-23,1507,54200,27095,13448,12425
2019-12-24,1493,54200,27499,13448,12425
2019-12-26,1505,55016,27319,13448,12425
2019-12-27,1502,53768,27205,13504,12413
2019-12-30,1491,52630,27611,13657,12415
2020-01-02,1491,52630,27611,13657,12424
2020-01-03,1520,54880,27773,14145,12527
2020-01-07,1511,53162,27367,13769,12483
2020-01-08,1496,53162,27124,13657,12416
2020-01-09,1505,53854,27124,13769,12314
2020-01-10,1529,54955,27189,13699,12403
2020-01-13,1538,53187,27286,13908,12403
2020-01-14,1532,53904,27237,13727,12362
2020-01-15,1527,54398,26799,13713,12440
2020-01-16,1532,54707,26490,13629,12322
2020-01-17,1532,54707,26490,13629,12371
2020-01-20,1523,53224,26701,13671,12376
2020-01-21,1511,54089,26718,13629,12415
2020-01-22,1498,54769,26653,13588,12415
2020-01-23,1491,54089,26458,13448,12349
2020-01-24,1480,55016,26685,13504,12327
2020-01-27,1442,54188,26393,13406,12185
2020-01-28,1435,54598,26312,13448,12184
2020-01-29,1437,54833,26734,13504,12223
2020-01-30,1439,54325,26555,13755,12273
2020-01-31,1430,55218,25987,13100,12270
2020-02-03,1413,55218,26149,13351,12218
2020-02-04,1433,55243,26409,13406,12356
2020-02-05,1435,55218,26734,13406,12464
2020-02-06,1437,55652,26734,13211,12417
2020-02-07,1446,55652,26880,13170,12433
2020-02-10,1446,54101,26848,13058,12371
2020-02-11,1480,54263,27026,12961,12353
2020-02-12,1518,54263,27189,13100,12494
2020-02-13,1511,54560,27140,13239,12440
2020-02-14,1496,55652,27140,13239,12504
2020-02-17,1509,55652,27172,13239,12504
2020-02-18,1514,55652,27286,13281,12510
2020-02-19,1556,55677,27254,13434,12554
2020-02-20,1545,55677,27205,13434,12556
2020-02-21,1541,55615,26393,13170,12242
2020-02-24,1498,55627,26149,13267,12108
2020-02-25,1484,54905,25954,13253,12163
2020-02-26,1478,54793,25029,13100,11925
2020-02-27,1404,54270,24395,12961,11889
2020-02-28,1397,53573,24769,12961,11610
2020-03-02,1377,54170,23957,12765,11780
2020-03-03,1368,53859,23762,12584,11527
2020-03-04,1421,53896,24395,12751,11666
2020-03-05,1428,54768,24606,12891,11657
2020-03-06,1334,54731,24233,12612,11371
2020-03-09,1066,51680,21212,11846,10362
2020-03-10,1048,49887,21731,12194,10263
2020-03-11,1003,51057,19669,11846,9839
2020-03-12,873,50435,17054,11107,8937
2020-03-16,776,43585,14293,8431,7627
2020-03-17,709,46014,14244,8710,7623
2020-03-18,621,40472,12506,8222,6853
2020-03-19,639,38604,12181,9128,6886
2020-03-20,668,38604,13172,9337,6991
2020-03-24,726,36114,12993,9281,6916
2020-03-25,814,38592,16242,10118,7903
2020-03-26,814,38592,16242,10118,8879
2020-03-27,837,46427,17866,11567,8537
2020-03-30,823,46327,17379,11525,8627
2020-03-31,855,44449,16258,10786,8689
2020-04-01,828,43810,15024,10313,8116
2020-04-02,936,47091,15917,10731,8273
2020-04-03,1021,47266,16209,10800,8469
2020-04-06,1017,47892,17785,11246,8817
2020-04-07,1003,47579,18516,11623,8901
2020-04-08,1062,46327,18678,11985,8953
2020-04-13,1012,46327,19604,12445,9087
2020-04-14,1001,46302,20017,12473,9269
2020-04-15,942,46302,20197,12612,9117
2020-04-16,940,45701,20180,12682,9117
2020-04-17,960,45689,19707,12542,9228
2020-04-20,938,45701,19037,12459,9101
2020-04-21,906,43823,17648,12194,8685
2020-04-22,945,43635,17533,12682,8711
2020-04-23,975,43823,17664,12974,8804
2020-04-24,940,41945,17452,12751,8799
2020-04-27,960,42030,16422,12542,8737
2020-04-28,1021,41502,17255,12891,8720
2020-04-29,1019,40948,17974,12807,8931
2020-04-30,1029,40269,17582,12682,8849
2020-05-04,965,39010,16749,12473,8621
2020-05-05,977,39941,17125,12264,8571
2020-05-06,960,37853,16994,12361,8450
2020-05-07,972,39010,17157,12947,8556
2020-05-08,1004,39514,16684,12403,8712
2020-05-11,1016,39639,16030,12612,8590
2020-05-12,982,39010,15965,12612,8505
2020-05-13,945,38343,15556,12542,8138
2020-05-14,950,37299,15687,12821,8154
2020-05-15,950,36871,15523,12682,8204
2020-05-18,1009,37123,16259,12891,8365
2020-05-19,977,37060,15932,12877,8299
2020-05-20,999,37752,15867,12905,8291
2020-05-21,984,37249,15899,12821,8298
2020-05-22,970,37601,15654,12779,8222
2020-05-26,980,37738,15605,12961,8309
2020-05-27,987,37333,15393,13337,8366
2020-05-28,980,37206,15115,13379,8419
2020-05-29,980,36700,14870,13657,8264
2020-06-01,987,37839,15621,13267,8593
2020-06-02,1002,37333,15278,13379,8664
2020-06-03,1002,37333,15278,13379,8929
2020-06-04,1063,38282,16586,13448,8952
2020-06-05,1154,39560,17419,13295,9259
2020-06-08,1196,41408,17713,13309,9463
2020-06-09,1181,40876,16994,13420,9301
2020-06-10,1125,40496,16733,13044,9240
2020-06-11,1014,39421,16014,13239,8805
2020-06-12,1046,41104,16014,13114,8840
2020-06-16,1108,41496,15687,13337,9009
2020-06-17,1056,42369,15883,12961,8885
2020-06-18,1041,42964,15540,13016,8880
2020-06-19,1053,43344,15768,13142,8840
2020-06-23,1061,41205,15834,13086,8864
2020-06-24,1029,40388,15914,13100,8686
2020-06-25,1031,39434,15765,13030,8665
2020-06-26,1019,39104,15518,13030,8687
2020-06-30,1021,38493,15385,13100,8687
2020-07-01,1014,39256,15220,12933,8648
2020-07-02,1024,39307,15765,13100,8672
2020-07-03,1034,39778,16095,13114,8746
2020-07-06,1039,39778,16359,13156,8782
2020-07-07,1014,39511,16805,13574,8840
2020-07-08,1029,40363,17086,13866,8916
2020-07-09,1002,40070,17003,13797,8907
2020-07-10,1024,40821,16739,13727,8904
2020-07-13,1034,41342,16475,13616,8969
2020-07-14,1061,41788,16756,13727,8914
2020-07-15,1058,41978,16425,13643,8916
2020-07-16,1073,42487,16904,13883,8981
2020-07-17,1093,42487,16921,13925,9000
2020-07-21,1105,42615,16888,13954,9105
2020-07-22,1098,43251,16871,13925,9117
2020-07-23,1095,43632,17152,13968,9236
2020-07-24,1093,43301,16657,14039,9179
2020-07-27,1105,43289,16376,13854,9184
2020-07-28,1095,43465,16508,13741,9144
2020-07-29,1108,42826,16492,13897,9148
2020-07-30,1080,42506,16244,13755,9125
2020-07-31,1024,39681,16013,13613,9000
2020-08-03,1053,40397,15848,13457,8897
2020-08-04,1080,39950,15518,13542,8822
2020-08-05,1083,40435,16029,13613,8882
2020-08-06,1068,40883,16293,13968,8873
2020-08-10,1078,41126,16409,13727,8923
2020-08-11,1066,41202,15947,13812,8944
2020-08-12,1095,41138,16095,13826,8877
2020-08-13,1073,41522,16591,14110,8942
2020-08-14,1083,41548,16921,14464,8991
2020-08-18,1093,41854,17284,15088,9053
2020-08-19,1073,42097,17333,14422,9097
2020-08-20,1066,42762,17548,14436,9171
2020-08-21,1073,43337,18043,14889,9284
2020-08-24,1073,43337,18043,14889,9439
2020-08-25,1105,43849,18241,15173,9674
2020-08-26,1080,44283,18159,15244,9607
2020-08-27,1063,44900,18076,15570,9579
2020-08-28,1071,44643,17911,15372,9619
2020-08-31,1078,44321,17333,14847,9472
2020-09-01,1088,44643,18621,15811,9740
2020-09-02,1071,46248,19050,15499,9846
2020-09-03,1066,44668,18720,15116,9739
2020-09-04,1056,44668,18819,14790,9738
2020-09-07,1053,44668,19149,14889,9691
2020-09-08,1024,44309,19067,14748,9635
2020-09-09,1024,44964,19612,14748,9714
2020-09-10,992,44321,19067,14606,9584
2020-09-11,997,44309,19149,14521,9463
2020-09-14,989,43897,18786,14251,9393
2020-09-15,1007,43050,18439,14294,9369
2020-09-16,1009,43345,18572,14195,9365
2020-09-17,1016,43358,18572,14195,9323
2020-09-18,1041,43666,18472,14351,9410
2020-09-21,994,43872,18307,14592,9324
2020-09-22,989,43987,17680,14393,9338
2020-09-23,977,44643,17465,14407,9246
2020-09-24,960,44900,17416,14507,9207
2020-09-25,945,43890,17288,14450,9233
2020-09-28,970,43283,17387,14351,9281
2020-09-29,945,43890,17205,14180,9191
2020-09-30,933,44535,17138,14450,9152
2020-10-01,923,44535,17138,14379,9161
2020-10-02,940,43890,17055,14180,9161
2020-10-05,940,46407,17454,14138,9181
2020-10-06,939,45955,17371,14110,9246
2020-10-07,941,45968,17371,14889,9145
2020-10-08,941,45968,17371,14889,9253
2020-10-09,954,44213,17288,15315,9320
2020-10-13,935,43374,17321,15223,9199
2020-10-14,930,42018,17454,15386,9172
2020-10-15,925,43884,17304,15315,9146
2020-10-16,925,43884,17437,15315,9211
2020-10-19,921,43890,17471,15315,9245
2020-10-20,932,46988,17387,15329,9298
2020-10-21,907,46472,17454,15201,9298
2020-10-22,925,46472,17454,15173,9183
2020-10-23,916,46472,17562,14989,9229
2020-10-26,910,44897,17620,15279,9224
2020-10-27,901,45121,17604,15102,9206
2020-10-28,844,46049,16623,14606,8937
2020-10-29,860,45725,16623,14542,8960
2020-10-30,882,44129,16706,14790,9032
2020-11-03,897,44123,16955,14698,9112
2020-11-04,920,44168,16706,14875,9098
2020-11-05,911,45400,16955,14960,9137
2020-11-06,911,45400,16955,14960,9139
2020-11-09,954,45530,17944,16166,9537
2020-11-10,976,45089,17870,16442,9540
2020-11-11,992,45634,17953,16308,9596
2020-11-12,972,45446,17870,16265,9474
2020-11-13,984,45076,18061,15967,9548
2020-11-17,1051,46217,18027,16308,9676
2020-11-18,1046,46697,17861,16336,9731
2020-11-19,1056,45835,17703,16095,9699
2020-11-20,1060,46373,18069,16081,9737
2020-11-23,1083,46373,18244,15386,9816
2020-11-24,1104,46697,18368,15655,10028
2020-11-25,1109,46395,17961,15740,9966
2020-11-26,1088,46265,18277,15825,9935
2020-11-27,1069,45939,18252,16024,9946
2020-11-30,1024,45945,17786,16095,9916
2020-12-01,1048,46981,18277,16308,10080
2020-12-02,1056,46916,18285,15988,10193
2020-12-03,1044,47112,18593,16251,10185
2020-12-04,1044,47112,18593,16251,10556
2020-12-07,1088,49516,19864,18023,10819
2020-12-09,1100,49080,20305,17921,10911
2020-12-10,1135,48480,20031,17253,10861
2020-12-11,1137,48897,19997,17598,10783
2020-12-14,1126,48741,20280,17964,10919
2020-12-15,1130,49145,20612,18079,11096
2020-12-16,1161,50161,21044,17799,11255
2020-12-17,1167,49523,21826,18180,11325
2020-12-18,1145,49015,20521,17727,11325
2020-12-21,1090,49523,19823,16814,10985
2020-12-22,1103,49510,19947,17389,11038
2020-12-23,1131,49836,20513,17691,11173
2020-12-24,1126,49061,20521,17964,11173
2020-12-28,1121,49741,20743,18252,11258
2020-12-29,1127,50252,21236,18453,11367
2020-12-30,1105,49480,21136,18467,11445
2021-01-04,1104,50252,20317,18180,11192
2021-01-05,1128,50658,20233,18683,11143
2021-01-06,1136,50658,20358,19078,11360
2021-01-07,1168,49774,20149,20120,11406
2021-01-08,1181,50396,20183,20838,11412
2021-01-12,1210,50592,20559,21018,11555
2021-01-13,1200,50723,20735,20838,11527
2021-01-14,1223,50723,20743,20838,11629
2021-01-15,1191,51698,20693,20824,11489
2021-01-18,1201,50409,20651,20623,11447
2021-01-19,1206,51338,20843,20982,11591
2021-01-20,1200,53668,20609,20910,11555
2021-01-21,1185,52948,20818,20321,11556
2021-01-22,1159,53341,20367,18683,11315
2021-01-25,1144,53577,20200,17749,12356
2021-01-26,1164,53797,20149,17964,11101
2021-01-27,1098,53495,19899,17246,10882
2021-01-28,1056,52332,19414,17238,10809
2021-01-29,999,54810,18979,16570,10757
2021-02-01,999,54810,18979,16570,10728
2021-02-02,1029,54284,19263,16879,10869
2021-02-03,1029,53048,19230,16620,10842
2021-02-04,1051,52772,19355,16843,10748
2021-02-05,1061,52437,19623,16987,10844
2021-02-08,1083,52910,19639,16951,10948
2021-02-09,1084,53232,19882,17037,10944
2021-02-10,1080,52707,19698,16814,10879
2021-02-11,1053,52904,19481,16814,10803
2021-02-12,1058,52766,19481,17016,10802
2021-02-15,1078,54704,19489,16886,10883
2021-02-16,1088,54678,19380,16671,10833
2021-02-17,1083,54744,19355,16671,10770
2021-02-18,1061,53876,19355,16599,10788
2021-02-19,1066,52969,19113,16527,10659
2021-02-22,1099,53239,19063,16505,10673
2021-02-23,1128,54728,19046,16254,10729
2021-02-24,1137,53447,19472,16958,10805
2021-02-25,1122,52933,18410,16398,10649
2021-02-26,1108,52141,19790,17102,10566
2021-03-01,1106,52180,19280,16980,10736
2021-03-02,1105,52134,19230,17016,10709
2021-03-03,1110,52154,19104,16958,10692
2021-03-04,1122,52154,18979,16606,10665
2021-03-05,1181,51699,18728,16958,10661
2021-03-08,1155,52761,18628,16901,10597
2021-03-09,1151,52464,18720,17030,10595
2021-03-10,1168,51593,18812,17102,10676
2021-03-11,1166,51593,18762,16958,10720
2021-03-12,1171,52055,18895,17087,10697
2021-03-15,1221,52134,19054,16893,10765
2021-03-16,1211,52279,19071,16786,10770
2021-03-17,1209,52279,18895,16800,10704
2021-03-18,1157,52134,18645,17016,10443
2021-03-19,1167,51738,18243,16958,10493
2021-03-23,1123,51738,18394,16599,10467
2021-03-24,1148,51738,18310,16599,10558
2021-03-25,1140,51738,17817,16261,10478
2021-03-26,1157,52267,18185,16024,10509
2021-03-29,1175,52300,18385,15952,10425
2021-03-30,1168,52273,18252,16498,10470
2021-03-31,1165,51657,18143,16168,10526
2021-04-05,1144,52187,18218,16491,10526
2021-04-06,1127,52287,18059,16671,10511
2021-04-07,1150,52273,18360,16671,10562
2021-04-08,1123,51147,18059,16663,10565
2021-04-09,1112,50995,17775,16218,10503
2021-04-12,1126,50995,17725,16311,10432
2021-04-13,1122,50988,17683,16448,10460
2021-04-14,1122,50988,17683,16448,10472
2021-04-15,1141,51909,17448,16527,10469
2021-04-16,1141,50969,17262,16268,10496
2021-04-19,1141,50770,17178,16254,10411
2021-04-20,1131,50777,17347,16340,10392
2021-04-21,1122,50704,17641,16232,10444
2021-04-22,1116,50359,17566,16168,10331
2021-04-23,1105,50035,17363,16024,10245
2021-04-26,1126,50796,17178,15844,10253
2021-04-27,1134,52178,17347,15564,10342
2021-04-28,1156,51626,16976,15334,10217
2021-04-29,1145,52457,16505,15377,10253
2021-04-30,1096,52178,16134,15363,10049
2021-05-03,1100,51779,15191,14731,9728
2021-05-04,1103,51187,15342,14659,9688
2021-05-05,1135,50589,16084,15018,9838
2021-05-06,1135,50516,16757,15205,10060
2021-05-07,1135,49851,17431,15262,10184
2021-05-10,1169,49851,17683,16053,10436
2021-05-11,1148,49519,17768,15808,10341
2021-05-12,1175,49838,17187,15600,10223
2021-05-13,1141,49619,16505,14824,10140
2021-05-14,1184,49519,16656,15449,10302
2021-05-18,1168,49386,16513,14960,10144
2021-05-19,1164,48961,16420,15162,10109
2021-05-20,1147,48190,16825,15090,9983
2021-05-21,1133,46794,16698,15083,9997
2021-05-24,1138,45531,16084,14846,9835
2021-05-25,1108,45518,16008,14515,9696
2021-05-26,1101,44715,15747,14084,9620
2021-05-27,1101,45049,16126,14731,9667
2021-05-28,1096,46557,17136,14838,9675
2021-05-31,1086,46717,16858,14386,9736
2021-06-01,1129,47612,17094,14738,9822
2021-06-02,1160,47959,17094,16290,9915
2021-06-03,1170,47652,16993,16311,10099
2021-06-04,1168,47512,16883,16311,9997
2021-06-08,1188,47972,16993,16735,10080
2021-06-09,1175,48052,16740,16786,10096
2021-06-10,1183,48653,16622,16929,10104
2021-06-11,1186,47065,16622,16743,10165
2021-06-15,1209,48052,16252,16498,10051
2021-06-16,1195,48046,16614,16247,10056
2021-06-17,1186,46964,16665,16527,10044
2021-06-18,1189,46851,17296,16541,9995
2021-06-21,1220,47372,16841,16096,10023
2021-06-22,1230,46717,16648,16139,10023
2021-06-23,1251,46384,16193,15952,9999
2021-06-24,1364,46717,16639,16196,10286
2021-06-25,1374,47232,16801,16139,10283
2021-06-28,1348,46904,16665,16024,10219
2021-06-29,1347,46864,16122,15952,10219
2021-06-30,1350,46770,15698,15916,10166
2021-07-01,1398,47239,15528,16254,10146
2021-07-02,1414,47152,16029,16886,10343
2021-07-06,1383,46234,15876,16527,10247
2021-07-07,1388,47574,16377,16671,10351
2021-07-08,1365,47560,16275,16793,10309
2021-07-09,1369,47547,16555,16778,10413
2021-07-12,1364,47547,16776,17109,10384
2021-07-13,1349,47902,16665,17102,10381
2021-07-14,1314,47768,16665,16908,10381
2021-07-15,1274,47768,16496,16998,10276
2021-07-16,1269,47748,16292,17138,10252
2021-07-19,1214,46897,15749,16480,10069
2021-07-21,1257,46763,15707,16517,10152
2021-07-22,1264,47225,15613,16835,10089
2021-07-23,1265,47219,15681,16702,10097
2021-07-26,1288,46897,15596,16554,10121
2021-07-27,1289,45745,15274,16266,10118
2021-07-28,1295,46183,15206,16355,10023
2021-07-29,1312,47003,15138,16480,10062
2021-07-30,1306,45940,14680,16126,10013
2021-08-02,1288,45745,15079,16244,9960
2021-08-03,1299,46943,15274,16185,9960
2021-08-04,1271,46149,15240,16259,9975
2021-08-05,1253,46553,15019,16259,10011
2021-08-06,1263,46660,15019,15963,9917
2021-08-09,1284,45826,14850,15741,9917
2021-08-10,1288,45873,14875,15763,9917
2021-08-11,1309,45456,14714,15889,10019
2021-08-12,1300,45880,15019,16111,10129
2021-08-13,1282,47084,15274,16185,10190
2021-08-17,1279,47750,15953,17027,10394
2021-08-18,1273,49304,16615,17197,10699
2021-08-19,1250,48436,16682,17478,10666
2021-08-20,1258,48759,16547,17330,10729
2021-08-23,1311,48981,16623,17064,10773
2021-08-24,1324,48974,16504,16695,10751
2021-08-25,1327,49277,16453,16990,10691
2021-08-26,1305,49478,16445,16924,10606
2021-08-27,1319,49289,16453,16924,10679
2021-08-30,1314,48621,16402,16776,10678
2021-08-31,1311,47608,16292,16776,10638
2021-09-01,1284,48283,16784,16650,10676
2021-09-02,1324,47979,17175,16850,10737
2021-09-03,1307,47344,17192,16702,10674
2021-09-06,1306,47344,17132,16783,10633
2021-09-07,1292,47540,17107,16746,10678
2021-09-08,1286,47615,16971,16850,10642
2021-09-09,1274,48067,16971,16887,10622
2021-09-10,1266,48256,17225,16746,10638
2021-09-13,1275,48270,16784,16628,10682
2021-09-14,1264,48783,16903,16502,10542
2021-09-15,1299,48621,17200,16783,10662
2021-09-16,1297,50187,17302,16776,10691
2021-09-17,1272,49499,17344,16990,10666
2021-09-20,1250,49215,17005,16739,10518
2021-09-21,1254,49215,17217,16554,10535
2021-09-22,1274,49499,17429,16539,10594
2021-09-23,1284,49499,17073,16406,10593
2021-09-24,1264,49499,17056,16421,10527
2021-09-27,1324,49687,17569,16702,10841
2021-09-28,1338,49741,17911,16850,10896
2021-09-29,1342,49484,18365,16990,10978
2021-09-30,1356,48955,18296,16776,10969
2021-10-01,1373,49463,18553,16842,11053
2021-10-04,1401,49280,18638,16998,11138
2021-10-05,1393,48874,19083,16783,11226
2021-10-06,1393,49816,18963,16902,11106
2021-10-07,1418,50365,18869,16717,11287
2021-10-08,1442,50026,18826,16739,11337
2021-10-11,1460,49958,18784,16865,11363
2021-10-12,1440,49707,18382,16628,11241
2021-10-13,1442,49707,18450,16576,11219
2021-10-14,1447,49484,18912,16842,11412
2021-10-15,1468,50155,19365,16813,11536
2021-10-19,1464,50345,19023,16628,11411
2021-10-20,1456,50019,19237,16768,11409
2021-10-21,1443,50019,19211,16643,11369
2021-10-22,1433,49816,19049,16628,11351
2021-10-25,1433,49958,19151,16776,11349
2021-10-26,1453,50358,19023,16850,11432
2021-10-27,1422,50358,19126,16813,11434
2021-10-28,1433,51706,18937,16798,11396
2021-10-29,1412,51644,18766,16709,11326
2021-11-02,1415,51032,18630,16798,11242
2021-11-03,1433,50556,19279,16872,11724
2021-11-04,1424,50018,18989,16850,11340
2021-11-05,1427,49671,19066,16798,11256
2021-11-08,1449,49726,18698,16702,11271
2021-11-09,1456,50665,18296,16702,11195
2021-11-10,1428,50624,18125,16613,11020
2021-11-11,1420,49671,18467,16665,11105
2021-11-12,1408,49726,18424,16414,11015
2021-11-16,1369,50011,18424,16296,10810
2021-11-17,1374,49331,17911,16628,10700
2021-11-18,1368,49535,18262,16628,10783
2021-11-19,1312,48997,18330,16185,10664
2021-11-22,1299,48991,18433,15919,10683
2021-11-23,1319,48378,18467,15889,10664
2021-11-24,1331,48310,18895,15741,10782
2021-11-25,1324,49176,19322,15741,10850
2021-11-26,1258,48507,20263,14854,10765
2021-11-29,1287,48507,20861,15520,10867
2021-11-30,1289,48159,21502,16480,11001
2021-12-01,1289,47817,21502,16392,11451
2021-12-02,1319,48486,21502,16369,11594
2021-12-03,1320,48514,21502,16259,11745
2021-12-06,1333,48159,21502,16480,11674
2021-12-07,1349,47831,21502,16854,11530
2021-12-09,1344,47359,21502,16611,11376
2021-12-10,1342,47353,21502,16459,11376
2021-12-13,1305,47906,21502,15606,11068
2021-12-14,1296,47475,21502,15690,11065
2021-12-15,1289,47817,21502,16185,11177
2021-12-16,1311,49176,21502,16558,11407
2021-12-17,1312,49163,24700,16519,11353
2021-12-20,1280,48835,24469,16139,11209
2021-12-21,1288,47824,24555,16382,11233
2021-12-22,1315,48842,24751,16748,11249
2021-12-23,1314,49115,24922,16824,11325
2021-12-24,1313,49115,25144,16892,11393
2021-12-27,1338,48500,25386,16984,11433
2021-12-28,1336,48670,25712,17052,11411
2021-12-29,1339,48231,25712,17128,11443
2021-12-30,1334,48142,25781,17052,11444
2022-01-03,1349,48142,25695,17121,11510
2022-01-04,1359,48348,25953,17205,11596
2022-01-05,1319,48348,24870,17319,11490
2022-01-06,1297,48218,24655,17220,11082
2022-01-07,1315,49651,25025,16519,11177
2022-01-11,1369,50748,26142,17052,11394
2022-01-12,1383,48965,26640,17357,11793
2022-01-13,1387,48972,25970,17585,11957
2022-01-14,1389,48540,23418,17403,11876
2022-01-17,1389,48540,23418,17403,12341
2022-01-18,1389,48540,23418,17403,12827
2022-01-19,1389,48540,23418,17403,12860
2022-01-20,1441,51777,23418,18956,12587
2022-01-21,1414,52120,23418,18392,12419
2022-01-24,1400,52188,23418,18423,12302
2022-01-25,1436,52655,23418,18118,12373
2022-01-26,1434,51641,23418,18126,12373
2022-01-27,1441,51965,23418,17996,12355
2022-01-28,1431,51965,23418,17966,12454
2022-01-31,1441,52860,23418,17966,12489
2022-02-01,1429,53410,31298,17448,12481
2022-02-02,1433,51641,31273,17060,12429
2022-02-03,1407,52103,30387,16801,12351
2022-02-04,1439,52984,31599,17167,12346
2022-02-07,1455,52330,31969,17319,12499
2022-02-08,1445,52639,31951,17250,12351
2022-02-09,1438,52488,31625,16862,12273
2022-02-10,1413,52309,31530,16291,11963
2022-02-11,1474,52309,31470,17281,11972
2022-02-14,1461,51641,30851,16824,12051
2022-02-15,1447,51600,31092,17357,11997
2022-02-16,1496,51277,31367,17540,12169
2022-02-17,1495,52171,31341,17722,12158
2022-02-18,1486,52006,30765,17661,12080
2022-02-21,1492,51600,30765,17852,12102
2022-02-22,1500,50292,30765,17760,12070
2022-02-23,1514,51438,30937,17966,12203
2022-02-24,1515,50782,31178,18270,12158
2022-02-25,1519,50920,30508,18575,12271
2022-02-28,1618,49877,27457,18499,12323
2022-03-01,1606,49676,27457,18255,12477
2022-03-02,1575,49669,27457,18118,12424
2022-03-03,1589,50402,27457,18095,12462
2022-03-04,1656,50049,27457,17715,12497
2022-03-07,1686,50402,27457,17235,12495
2022-03-08,1681,49745,27457,17593,12468
2022-03-09,1622,50360,27457,18248,12476
2022-03-10,1686,49262,27457,17852,12543
2022-03-11,1686,49262,27457,17852,12543
2022-03-14,1590,49676,27457,17509,12392
2022-03-15,1587,49393,27457,17738,12388
2022-03-16,1577,48460,27457,17875,12434
2022-03-17,1654,47369,27457,17966,12568
2022-03-18,1621,47120,27457,18004,12553
2022-03-22,1666,47120,27457,18270,12609
2022-03-23,1750,47120,27457,18194,12847
2022-03-24,1753,47120,27457,18194,12956
2022-03-25,1780,47120,27457,18651,13044
2022-03-28,1736,47120,27626,18529,13090
2022-03-29,1725,47120,27626,18758,13053
2022-03-30,1725,47120,27626,18758,12977
2022-03-31,1754,34304,30800,18499,13168
2022-04-01,1750,34684,31388,18956,13342
2022-04-04,1750,34684,31388,18956,13367
2022-04-05,1789,35305,31120,18788,13455
2022-04-06,1757,36618,31180,18727,13366
2022-04-07,1790,36618,31146,18270,13372
2022-04-08,1770,36618,30955,18491,13443
2022-04-11,1749,37033,31215,18956,13411
2022-04-12,1775,37862,31128,18956,13373
2022-04-13,1800,35996,30981,18956,13451
2022-04-18,1793,36197,31466,18575,13475
2022-04-19,1802,36134,31474,18765,13371
2022-04-20,1828,36273,31716,18841,13459
2022-04-21,1783,35996,31820,18643,13354
2022-04-22,1805,35844,31829,18171,13393
2022-04-25,1764,34891,30696,16991,13213
2022-04-26,1746,35582,32425,17090,13081
2022-04-27,1764,34621,33463,17090,13218
2022-04-28,1786,34870,35452,16748,13170
2022-04-29,1786,34870,35452,16748,13129
2022-05-02,1749,34822,35452,17052,13006
2022-05-03,1782,34000,36273,16854,13529
2022-05-04,1842,33848,39896,17502,13572
2022-05-05,1783,33661,39879,16847,13572
2022-05-06,1763,33661,37657,16824,13469
2022-05-09,1665,33164,35625,15987,12892
2022-05-10,1656,33848,35019,16025,12795
2022-05-11,1657,33820,35884,15652,12931
2022-05-12,1641,33164,35019,15758,12880
2022-05-13,1669,33509,34587,15317,12905
2022-05-16,1668,35851,33722,15317,12905
2022-05-17,1660,36134,35192,15332,12795
2022-05-18,1556,36618,36316,14868,12593
2022-05-19,1506,35236,39948,13908,12593
2022-05-20,1527,36618,39948,14807,12247
2022-05-23,1555,35934,39775,15758,12661
2022-05-24,1548,35630,36368,16215,12619
2022-05-25,1568,35616,36368,16519,12745
2022-05-26,1587,36888,36316,17418,12819
2022-05-27,1613,36964,35019,17509,12964
2022-05-31,1678,39326,38521,18103,13608
2022-06-01,1774,40763,35538,18118,13608
2022-06-02,1749,41095,39429,17661,13713
2022-06-03,1775,42145,44098,17205,13689
2022-06-06,1759,43527,49961,16558,13654
2022-06-07,1770,43541,39455,17075,13469
2022-06-08,1748,43382,33290,17502,13277
2022-06-09,1708,42974,31128,16459,12997
2022-06-10,1695,42691,32252,16892,12963
2022-06-13,1614,42491,33117,16367,12641
2022-06-14,1598,40798,34241,17273,12565
2022-06-15,1598,36970,32858,16421,12446
2022-06-16,1514,36970,34414,17205,12425
2022-06-17,1485,38097,31950,16527,12459
2022-06-21,1308,41850,33204,16139,12206
2022-06-22,1249,41850,31128,15910,11846
2022-06-23,1163,39736,32849,15454,11483
2022-06-24,1240,39736,36313,15545,11646
2022-06-28,1240,39736,36313,15545,11697
2022-06-29,1240,39736,36313,15545,11795
2022-06-30,1307,36557,34245,15606,11585
2022-07-01,1363,37034,35792,15811,11585
2022-07-05,1260,36557,35557,15987,11310
2022-07-06,1260,36557,35557,15987,11357
2022-07-07,1322,37288,35644,16596,11569
2022-07-08,1334,36915,34766,16885,11558
2022-07-11,1328,36716,36313,16215,11596
2022-07-12,1331,36518,36835,16367,11591
2022-07-13,1315,36120,35027,16367,11424
2022-07-14,1235,34555,35983,16139,10850
2022-07-15,1217,32266,36418,16654,10858
2022-07-18,1232,32902,35679,16654,10979
2022-07-19,1276,32981,35244,17196,11058
2022-07-21,1236,33378,34036,16514,11116
2022-07-22,1195,33378,33550,15499,11061
2022-07-25,1262,32902,34297,15887,11019
2022-07-26,1276,32902,34306,15871,11052
2022-07-27,1322,32902,34758,15871,11098
2022-07-28,1318,33378,35375,15894,11227
2022-07-29,1322,32981,34766,15964,11213
2022-08-01,1305,33211,34766,15887,11040
2022-08-02,1334,33211,34766,16042,11059
2022-08-03,1331,32472,34766,16197,11052
2022-08-04,1278,32226,34766,16197,10980
2022-08-05,1305,33140,34558,16197,11058
2022-08-08,1343,34547,33984,16429,11449
2022-08-09,1354,34523,34358,16553,11394
2022-08-10,1345,33855,34245,15809,11403
2022-08-11,1357,33378,34245,16352,11449
2022-08-12,1362,33188,34245,16352,11509
2022-08-16,1362,33188,34245,16352,11498
2022-08-17,1316,33855,34679,16545,11415
2022-08-18,1347,33792,34332,16305,11416
2022-08-19,1315,33378,34940,16003,11251
2022-08-22,1333,32584,35636,15468,11137
2022-08-23,1398,31415,33975,15964,11137
2022-08-24,1427,31312,34758,15267,11153
2022-08-25,1427,31312,34766,15569,11187
2022-08-26,1402,31789,34088,15515,11200
2022-08-29,1434,31709,34488,15499,11144
2022-08-30,1383,31550,34584,15329,10943
2022-08-31,1309,31789,32159,14856,10648
2022-09-01,1282,29325,32159,14368,10529
2022-09-02,1333,31392,31290,14329,10609
2022-09-05,1354,31376,32133,14081,10609
2022-09-06,1355,30199,32037,13872,10523
2022-09-07,1318,29405,31533,13639,10525
2022-09-08,1299,29087,32159,13043,10339
2022-09-09,1352,29087,33897,13097,10536
2022-09-12,1391,29405,32854,13631,10677
2022-09-13,1385,28451,31203,13848,10654
2022-09-14,1391,28451,31203,13934,10531
2022-09-15,1337,28054,31637,13980,10456
2022-09-16,1334,26798,31464,13631,10425
2022-09-19,1322,26798,31985,13748,10393
2022-09-20,1288,26782,32854,13174,10357
2022-09-21,1264,25852,35462,12771,10356
2022-09-22,1281,25852,35549,12640,10372
2022-09-23,1180,24835,35636,12020,10016
2022-09-26,1142,22729,36070,11469,9729
2022-09-27,1171,22276,34984,12004,9747
2022-09-28,1195,22888,35691,12237,9833
2022-09-29,1206,22451,34503,12709,9833
2022-09-30,1203,22681,32748,12787,9961
2022-10-03,1264,23579,32835,12547,9992
2022-10-04,1332,24247,32600,12973,10395
2022-10-05,1348,24398,32312,13717,10420
2022-10-06,1376,24398,32163,13554,10593
2022-10-07,1357,24319,32050,13686,10544
2022-10-10,1309,24319,32050,14724,10544
2022-10-11,1264,24319,33010,14406,10372
2022-10-12,1254,24319,32312,14081,10272
2022-10-13,1282,23246,32312,14337,10360
2022-10-14,1253,23842,32818,14406,10226
2022-10-18,1305,23222,33167,14724,10203
2022-10-19,1342,23047,35202,14802,10235
2022-10-20,1342,23047,35202,14802,10615
2022-10-21,1365,22650,35805,14639,10632
2022-10-24,1334,21458,36224,14011,10598
2022-10-25,1331,21060,36180,14337,10397
2022-10-26,1332,21092,36154,14492,10448
2022-10-27,1345,20663,35385,15112,10399
2022-10-28,1398,20663,34844,14879,10563
2022-10-31,1421,20663,34765,14933,10286
2022-11-01,1482,21458,34931,14716,10922
2022-11-02,1443,22252,34923,13872,10853
2022-11-03,1421,21911,36660,12833,10652
2022-11-04,1473,21704,36678,13562,10766
2022-11-08,1479,22570,36416,13717,10807
2022-11-09,1392,22395,36398,14554,10722
2022-11-10,1507,23834,36102,14406,10997
2022-11-11,1383,23842,36023,14337,10997
2022-11-15,1455,23842,35892,14530,11228
2022-11-16,1398,24160,36058,14926,11245
2022-11-17,1450,23285,36591,14933,11127
2022-11-18,1432,23842,35805,14468,11127
2022-11-21,1381,24636,34058,13577,10901
2022-11-22,1381,24636,34058,13577,10840
2022-11-23,1427,25034,34730,14166,10963
2022-11-24,1427,25034,34730,14166,10963
2022-11-25,1425,27005,34730,14298,11025
2022-11-28,1411,26941,34500,14143,10760
2022-11-29,1437,26310,32766,14825,10914
2022-11-30,1328,25431,33228,15112,10856
2022-12-01,1334,27021,32748,14724,10875
2022-12-02,1338,26941,32748,14724,10828
2022-12-05,1298,26893,35796,13779,10828
2022-12-06,1305,26941,35613,14414,10683
2022-12-07,1299,27021,35613,14879,10753
2022-12-09,1273,27021,35805,14647,10705
2022-12-12,1284,26623,35796,14698,10750
2022-12-13,1299,26862,35630,14168,10733
2022-12-14,1274,25360,34477,15488,10644
2022-12-15,1266,25391,34058,14793,10744
2022-12-16,1245,25844,32914,14872,10656
2022-12-19,1264,27013,34058,14445,10674
2022-12-20,1293,27736,34049,15884,10658
2022-12-21,1322,29405,34285,16121,10809
2022-12-22,1309,29325,34442,16366,10836
2022-12-23,1309,29325,35106,16595,10931
2022-12-26,1346,29113,34931,16129,10891
2022-12-27,1392,30199,35279,16524,11024
2022-12-28,1380,31789,37561,16287,11061
2022-12-29,1403,29405,36859,16603,11061
2023-01-02,1438,30600,37385,16137,11254
2023-01-03,1380,31709,37561,16050,11254
2023-01-04,1401,31214,35507,16856,11293
2023-01-05,1456,31781,35560,18184,11463
2023-01-06,1534,31709,36683,17394,11611
2023-01-10,1557,31471,35542,17394,11681
2023-01-11,1545,31789,35551,17243,11678
2023-01-12,1562,31074,36332,17188,11707
2023-01-13,1574,31074,35632,16919,11666
2023-01-16,1566,30621,36073,16722,11724
2023-01-17,1575,31709,35876,17141,11699
2023-01-18,1626,31789,35867,17133,11753
2023-01-19,1604,30750,35805,17228,11702
2023-01-20,1594,31386,35349,17077,11663
2023-01-23,1587,31789,35349,16998,11721
2023-01-24,1548,29826,35103,16532,11640
2023-01-25,1545,28848,35103,16587,11402
2023-01-26,1562,28499,35016,16311,11411
2023-01-27,1512,29405,34972,15465,11306
2023-01-30,1502,28078,34243,15733,11215
2023-01-31,1548,28149,35893,15053,11237
2023-02-01,1492,28149,35981,14943,11087
2023-02-02,1464,28610,35016,15022,11092
2023-02-03,1471,29007,34226,15022,11092
2023-02-06,1494,28991,34226,15022,11057
2023-02-07,1514,28610,34840,15022,11052
2023-02-08,1497,27545,33787,15022,11017
2023-02-09,1450,26782,34717,14998,10964
2023-02-10,1525,26226,34226,14785,10964
2023-02-13,1515,26226,33787,14318,10964
2023-02-14,1496,26226,35955,14310,10823
2023-02-15,1505,25828,34665,15172,10559
2023-02-16,1519,25243,35016,14864,10794
2023-02-17,1471,25062,34928,14215,10794
2023-02-20,1479,25431,34928,14239,10794
2023-02-21,1501,24795,33831,14160,10624
2023-02-22,1471,24486,33366,14366,10624
2023-02-23,1515,23444,32125,14144,10624
2023-02-24,1519,22586,32462,14366,10353
2023-02-27,1557,22141,32462,14366,10602
2023-02-28,1565,19932,32120,13607,10542
2023-03-01,1574,19828,31584,13781,10542
2023-03-02,1557,20265,30610,13290,10552
2023-03-03,1580,20424,31558,13915,10656
2023-03-06,1589,20424,31242,14429,10762
2023-03-07,1557,20424,28960,14453,10911
2023-03-08,1555,21370,29829,14547,10887
2023-03-09,1526,21815,29575,13860,10735
2023-03-10,1479,21537,29399,13836,10735
2023-03-13,1428,21426,29838,13836,10295
2023-03-14,1439,22093,31418,13828,10214
2023-03-15,1390,22252,32058,12571,9930
2023-03-16,1374,23651,30715,12508,9855
2023-03-17,1392,23651,28934,11915,9759
2023-03-21,1424,23047,31593,12326,9759
2023-03-22,1396,23444,32901,12073,9943
2023-03-23,1329,23335,31681,11677,9569
2023-03-24,1332,22880,32909,12176,9661
2023-03-27,1356,23452,35103,12120,9785
2023-03-28,1385,23842,34665,11622,9961
2023-03-29,1381,25209,34041,11701,9900
2023-03-30,1404,25979,35103,12255,10143
2023-03-31,1421,25356,35498,11978,10308
2023-04-03,1480,24851,35103,12318,10353
2023-04-04,1459,24928,35351,12405,10486
2023-04-05,1473,26099,35758,12863,10576
2023-04-10,1461,25674,35386,12895,10607
2023-04-11,1496,27237,35510,13203,10788
2023-04-12,1496,26043,35643,13314,10788
2023-04-13,1486,27028,37156,13314,10983
2023-04-14,1485,27405,38023,13298,11055
2023-04-17,1482,29649,38040,13757,11186
2023-04-18,1480,29408,37925,13322,11204
2023-04-19,1476,28286,36432,13401,11046
2023-04-20,1461,28519,37156,13820,11046
2023-04-21,1460,27253,35917,13709,10964
2023-04-24,1501,26924,35917,14200,11042
2023-04-25,1406,27450,35210,13994,10703
2023-04-26,1383,26731,35156,14018,10811
2023-04-27,1377,27539,36183,13899,10427
2023-04-28,1440,27620,37235,14389,10639
2023-05-02,1304,29477,37642,14310,10420
2023-05-03,1287,29873,38837,14136,10388
2023-05-04,1252,29873,39190,14389,10287
2023-05-05,1310,29873,39190,14152,10471
2023-05-08,1296,29881,39350,13852,10361
2023-05-09,1313,28879,39456,14073,10361
2023-05-10,1308,29170,40252,13915,10331
2023-05-11,1315,29550,38934,13678,10317
2023-05-12,1337,29469,38040,14445,10322
2023-05-15,1315,29307,37616,13860,10346
2023-05-16,1299,29307,38032,13773,10260
2023-05-17,1324,28259,36112,13978,10211
2023-05-18,1330,29065,36705,14320,10211
2023-05-19,1344,28266,36079,13688,10211
2023-05-23,1335,29041,35563,13422,10163
2023-05-24,1331,27305,35475,13305,10078
2023-05-25,1313,27469,35475,13056,10078
2023-05-26,1299,27574,35475,13472,9899
2023-05-29,1296,28321,35475,13863,9899
2023-05-30,1269,28118,35475,14137,9855
2023-05-31,1281,27508,35475,14636,9885
2023-06-01,1299,26450,35475,14636,10054
2023-06-02,1332,26816,35475,14969,10370
2023-06-05,1315,27304,35475,14786,10413
2023-06-06,1349,27988,35475,15551,10679
2023-06-07,1366,27809,35475,14969,10797
2023-06-08,1366,27293,35475,14636,10701
2023-06-13,1343,27351,35475,15301,10616
2023-06-14,1349,26857,35475,14944,10651
2023-06-15,1355,26612,35475,14960,10597
2023-06-16,1384,26368,31653,14761,10678
2023-06-20,1343,26368,31671,14885,10337
2023-06-21,1375,26043,31915,14594,10454
2023-06-22,1352,27014,32732,14262,10278
2023-06-23,1347,25392,30609,14120,10278
2023-06-26,1375,26661,31839,14046,10238
2023-06-27,1347,26867,32026,14012,10209
2023-06-28,1353,25431,31302,13763,10209
2023-06-29,1355,26703,30754,14012,10283
2023-06-30,1347,26405,32134,14046,10340
2023-07-04,1345,25998,32134,13962,10331
2023-07-05,1345,24611,31027,13613,10340
2023-07-06,1340,24611,32125,13655,10164
2023-07-07,1359,24603,33035,14120,10286
2023-07-10,1357,24201,32044,13929,10329
2023-07-11,1393,24283,32134,13971,10402
2023-07-12,1407,24283,33829,14112,10536
2023-07-13,1407,25087,33919,14220,10639
2023-07-14,1364,25169,34026,14220,10613
2023-07-17,1363,25013,33383,14187,10665
2023-07-18,1376,25038,33383,14362,10706
2023-07-19,1372,25514,34633,14387,10705
2023-07-21,1379,25267,34811,14395,10700
2023-07-24,1396,24939,34811,14303,10700
2023-07-25,1411,25243,34811,14345,10697
2023-07-26,1400,25111,34097,14129,10673
2023-07-27,1384,24987,34722,14328,10646
2023-07-28,1388,24971,32285,14195,10646
2023-07-31,1388,24971,32285,14195,10772
2023-08-01,1441,25285,32624,14220,10790
2023-08-02,1423,25268,32811,14068,10730
2023-08-03,1466,25070,32134,13996,10728
2023-08-04,1466,25070,32134,13996,10754
2023-08-08,1488,25235,31241,14137,10754
2023-08-09,1437,24408,32134,14137,10631
2023-08-10,1428,24640,32848,14137,10479
2023-08-11,1447,24416,33383,13987,10507
2023-08-14,1432,23994,33374,14054,10487
2023-08-15,1425,24507,32491,14054,10382
2023-08-16,1452,24491,32535,14046,10443
2023-08-17,1445,23614,31509,13721,10416
2023-08-18,1466,24367,30795,13580,10424
2023-08-22,1462,24367,30348,13006,10279
2023-08-23,1454,24019,31152,12524,10054
2023-08-24,1450,23332,30223,12723,10069
2023-08-25,1454,23175,29902,12906,10103
2023-08-28,1476,23388,30348,13280,10129
2023-08-29,1504,22650,30348,13538,10151
2023-08-30,1535,22149,29456,13838,10221
2023-08-31,1483,21422,27671,12457,10066
2023-09-01,1501,22132,27117,12931,9813
2023-09-04,1491,22391,28028,12806,9799
2023-09-05,1520,21472,27653,11651,9776
2023-09-06,1523,21088,27671,11476,9575
2023-09-07,1501,20871,27671,11975,9673
2023-09-08,1529,21380,27671,11892,9751
2023-09-11,1508,21631,27671,11892,9730
2023-09-12,1544,21714,27528,12224,9822
2023-09-13,1516,20512,26689,12233,9858
2023-09-14,1546,20545,27662,12233,9899
2023-09-19,1566,20670,27046,12640,10069
2023-09-20,1581,20879,26778,12665,10144
2023-09-21,1553,20879,26689,12657,9981
2023-09-22,1594,20879,27135,12640,9981
2023-09-25,1617,21197,26769,12341,10178
2023-09-26,1578,21096,27049,12058,10142
2023-09-27,1608,21096,27942,12723,10242
2023-09-28,1596,21645,27879,12474,10480
2023-09-29,1618,21265,28862,12407,10297
2023-10-02,1588,21498,27193,12141,10242
2023-10-03,1625,21096,27825,11767,10292
2023-10-04,1582,21164,27969,11809,10160
2023-10-05,1588,21172,28510,11651,10160
2023-10-06,1614,21096,29773,11725,10142
2023-10-09,1696,21172,29773,11725,10279
2023-10-10,1699,21318,29773,11493,10233
2023-10-11,1715,21189,28267,11967,10222
2023-10-12,1738,21510,28862,11659,10233
2023-10-13,1768,21510,28871,11858,10324
2023-10-17,1783,21527,29773,12058,10355
2023-10-18,1809,21856,29773,12141,10434
2023-10-19,1792,21856,29674,12075,10488
2023-10-20,1761,21518,29322,12474,10443
2023-10-23,1727,21316,28709,12224,10270
2023-10-24,1724,21501,29295,12224,10233
2023-10-25,1739,21054,29773,12291,10224
2023-10-26,1693,21277,29151,11493,10096
2023-10-27,1690,21319,29773,11975,10096
2023-10-30,1638,21319,29683,11983,10114
2023-10-31,1657,21234,29142,12058,9928
2023-11-01,1696,21319,29656,11975,9959
2023-11-02,1696,21234,29656,12183,9959
2023-11-03,1683,21115,29494,12183,10024
2023-11-07,1601,20961,29683,12474,10024
2023-11-08,1597,20961,29575,12557,10024
2023-11-09,1608,20978,29052,12790,10050
2023-11-10,1608,21132,29737,12424,10050
2023-11-14,1621,21132,29557,12673,10105
2023-11-15,1638,20808,29413,12557,10142
2023-11-16,1638,20722,28961,12607,10098
2023-11-17,1696,20432,29322,13189,10251
2023-11-20,1710,20466,27752,13189,10288
2023-11-21,1741,20466,27067,12973,10270
2023-11-22,1720,20466,27518,12890,10299
2023-11-24,1761,20739,28420,12673,10343
2023-11-27,1724,20688,27933,12574,10278
2023-11-28,1738,20688,27067,12640,10371
2023-11-29,1734,21119,27067,12607,10348
2023-11-30,1724,21102,27067,12607,10432
2023-12-01,1741,21085,27951,12657,10432
2023-12-04,1741,20775,27518,12640,10535
2023-12-05,1720,20775,27410,12723,10580
2023-12-06,1679,20688,27067,12723,10379
2023-12-07,1686,20688,27518,13139,10379
2023-12-11,1717,20688,27518,12890,10452
2023-12-12,1683,21119,27428,12890,10486
2023-12-14,1748,20706,27518,13264,10827
2023-12-15,1753,21137,26688,13352,10841
2023-12-18,1735,21137,26363,13352,10836
2023-12-19,1757,22119,26165,13352,10946
2023-12-20,1731,23706,26165,13071,10900
2023-12-21,1746,22844,27067,13106,10889
2023-12-22,1742,22844,27158,13247,10996
2023-12-26,1750,23941,27085,13423,11275
2023-12-28,1735,23907,26447,13634,11055
2024-01-02,1746,24638,27687,14374,11256
2024-01-03,1794,24638,27815,14233,11402
2024-01-04,1783,25160,27723,14621,11667
2024-01-05,1813,25630,28271,14973,11951
2024-01-09,1776,25003,27359,15554,11942
2024-01-10,1739,25247,27906,15325,11945
2024-01-11,1746,25595,27887,15325,11824
2024-01-12,1761,25595,28088,15590,11859
2024-01-15,1761,25595,28271,15396,11859
2024-01-16,1731,25787,28271,15889,11922
2024-01-17,1716,25857,27851,15325,11899
2024-01-18,1705,26048,29182,14991,11889
2024-01-19,1690,25996,29182,15167,11635
2024-01-22,1690,25996,29182,15167,11672
2024-01-23,1702,26362,29638,14867,11709
2024-01-24,1702,26362,29638,14867,11648
2024-01-25,1702,26362,29638,14867,11649
2024-01-26,1702,26591,29638,14867,11812
2024-01-29,1776,27030,29985,15061,11777
2024-01-30,1772,27978,29857,14797,11741
2024-01-31,1731,27926,29638,14850,11797
2024-02-05,1720,27803,28088,14867,11729
2024-02-06,1746,27223,28088,14814,11705
2024-02-08,1735,28769,29182,14356,11688
2024-02-09,1716,27311,29638,14216,11551
2024-02-12,1713,27680,29182,14216,11537
2024-02-13,1687,27662,29000,14092,11420
2024-02-14,1687,27662,28909,14621,11373
2024-02-15,1702,27662,28271,14621,11476
2024-02-16,1709,27662,28033,14797,11477
2024-02-19,1683,26345,27815,14621,11187
2024-02-20,1690,27680,28909,14797,11355
2024-02-21,1728,29401,29274,15096,11621
2024-02-22,1735,28979,29274,15061,11760
2024-02-23,1728,28786,28271,15061,11825
2024-02-26,1739,28327,27723,15149,11838
2024-02-27,1750,28238,27304,15272,11838
2024-02-28,1705,28238,26903,15114,11817
2024-02-29,1698,28752,26410,14726,11779
2024-03-01,1661,28752,26629,14850,11770
2024-03-04,1572,28645,26994,14885,11862
2024-03-05,1553,28893,27249,15149,11893
2024-03-06,1546,28823,27359,15625,12001
2024-03-07,1550,28663,27650,15836,12047
2024-03-11,1527,28327,27723,16206,11959
2024-03-13,1542,27318,27359,16294,11815
2024-03-14,1572,26468,27359,16911,11806
2024-03-18,1557,24343,27906,17351,12028
2024-03-19,1572,24343,27887,16999,12028
2024-03-20,1576,23741,27887,16823,12084
2024-03-21,1576,23901,27796,17034,12218
2024-03-22,1568,24008,27340,17104,12241
2024-03-26,1597,23919,27796,17087,12387
2024-03-27,1661,24008,27796,17422,12407
2024-04-01,1753,23653,27359,17263,12545
2024-04-02,1797,24008,28854,17492,12812
2024-04-03,1833,24417,29182,17263,12863
2024-04-04,1857,25164,30040,17298,13155
2024-04-05,1833,24986,29547,16911,13011
2024-04-08,1841,25075,29638,17245,13003
2024-04-09,1825,25342,31918,17333,13155
2024-04-10,1797,26551,32192,17439,13132
2024-04-11,1809,26320,32830,17351,13286
2024-04-12,1793,25787,32830,16735,13081
2024-04-15,1793,25342,33061,16382,12951
2024-04-16,1793,25680,33613,16294,12887
2024-04-17,1785,25342,33153,16206,12658
2024-04-18,1781,24809,31587,15836,12462
2024-04-19,1793,25591,33061,15854,12518
2024-04-22,1809,25075,33613,15942,12632
2024-04-23,1821,24933,34994,15766,12573
2024-04-24,1841,24773,34994,16030,12573
2024-04-25,1845,24649,35805,15766,12610
2024-04-26,1841,25238,35934,15907,12868
2024-04-29,1849,25453,36836,16541,12970
2024-05-06,1801,25345,36836,16735,12721
2024-05-07,1817,25274,37205,16523,12773
2024-05-08,1825,25274,37205,16523,12739
2024-05-09,1825,25060,37297,16506,12752
2024-05-10,1813,25274,37297,16453,12752
2024-05-14,1857,25274,38494,16558,12872
2024-05-16,1841,25274,38402,16523,12992
2024-05-17,1857,25274,37297,16523,13062
2024-05-20,1873,25095,37297,16523,13182
2024-05-21,1873,25256,36891,16382,13274
2024-05-22,1817,25149,36818,16241,12956
2024-05-23,1817,25149,36818,16574,13006
2024-05-24,1845,25095,33613,16700,12954
2024-05-27,1841,24738,33153,17149,13016
2024-05-29,1901,24739,31403,16376,12904
2024-05-30,1881,25098,32029,16933,12891
2024-05-31,1889,24703,30390,17203,12857
2024-06-04,1897,24793,31790,17077,12867
2024-06-05,1881,24434,32232,17257,12902
2024-06-06,1893,24793,33153,17131,12924
2024-06-07,1889,24685,32784,16790,12995
2024-06-11,1889,24936,33171,16358,12818
2024-06-12,1909,24936,33153,16178,12758
2024-06-13,1925,24667,33061,15909,12721
2024-06-14,1921,24219,32987,15747,12693
2024-06-17,1945,24631,32913,15819,12684
2024-06-18,1957,24578,32048,16430,12684
2024-06-19,1945,24219,31734,15927,12693
2024-06-20,1993,24219,31587,16035,12793
2024-06-21,1963,23322,30942,15945,12728
2024-06-24,2053,23770,30427,16178,12823
2024-06-25,1967,23969,31311,15945,12798
2024-06-26,1980,23969,31311,16071,12794
2024-06-27,1989,23969,31679,16196,12795
2024-06-28,1984,23969,31679,16358,12785
2024-07-02,1963,23969,31679,16358,12781
2024-07-03,1959,23699,30850,16448,12833
2024-07-04,1950,23699,30574,16520,12793
2024-07-05,1963,23519,30574,16466,12858
2024-07-08,1933,23411,30714,16538,12822
2024-07-09,1916,22996,30714,16430,12735
2024-07-10,1890,22780,30714,16268,12686
2024-07-11,1916,22600,31458,16304,12686
2024-07-12,1873,22708,31495,16412,12725
2024-07-15,1899,22906,31365,16520,12734
2024-07-16,1865,22798,30714,16592,12747
2024-07-17,1869,23032,30025,16538,12693
2024-07-18,1865,22906,30323,16694,12679
2024-07-19,1865,23068,30323,16786,12699
2024-07-22,1852,22978,30434,16786,12699
2024-07-23,1813,23159,29783,16786,12707
2024-07-24,1826,22924,30118,16859,12680
2024-07-25,1831,22906,30118,16749,12665
2024-07-26,1835,22998,30248,16400,12555
2024-07-29,1822,23052,29783,16510,12555
2024-07-30,1822,22654,28945,16180,12466
2024-07-31,1860,22654,30155,16052,12351
2024-08-01,1813,22635,29411,16144,12287
2024-08-02,1762,22635,29299,15685,12094
2024-08-05,1745,22436,28387,15043,11802
2024-08-06,1762,22273,28480,15355,11964
2024-08-08,1783,22599,28573,15226,12079
2024-08-09,1826,22635,29262,15080,12036
2024-08-12,1843,22581,28480,15465,12222
2024-08-13,1805,22617,28387,16015,12360
2024-08-14,1745,22635,28387,16859,12444
2024-08-15,1783,23088,28834,16749,12458
2024-08-16,1783,23070,29690,16694,12457
2024-08-20,1741,23070,29690,16620,12425
2024-08-21,1745,24211,33171,16455,12425
2024-08-22,1741,24519,33134,16217,12315
2024-08-23,1758,24899,30900,15832,12276
2024-08-26,1775,25623,30081,15777,12239
2024-08-27,1762,25461,29411,15905,12296
2024-08-29,1749,25661,29131,15978,12278
2024-08-30,1758,26370,30044,16657,12370
2024-09-02,1758,26370,30044,16455,12405
2024-09-03,1706,25861,29038,16510,12380
2024-09-04,1642,25642,28852,15978,12338
2024-09-05,1647,25733,28387,15942,12275
2024-09-06,1651,25697,28759,15887,12210
2024-09-09,1638,25297,27549,16033,12158
2024-09-10,1612,25879,27549,15740,12093
2024-09-11,1629,25388,27922,15446,12058
2024-09-12,1651,25642,28443,15612,12065
2024-09-13,1634,25624,28350,15556,12065
2024-09-16,1677,25351,26339,15410,12063
2024-09-17,1672,25552,25595,15391,12086
2024-09-18,1629,25461,25129,15391,11998
2024-09-19,1629,25606,23826,15868,12028
2024-09-20,1617,25370,25595,16033,12132
2024-09-23,1642,25188,26339,15905,12185
2024-09-24,1659,25133,26525,16107,12225
2024-09-25,1574,24878,26525,15813,12194
2024-09-26,1625,24878,26991,16235,12194
2024-09-27,1612,25408,26805,15850,12175
2024-09-30,1608,25317,26991,15667,12177
2024-10-01,1621,25299,26991,15336,12092
2024-10-02,1604,24860,26525,15667,11996
2024-10-03,1629,25262,27009,15667,12001
2024-10-04,1617,25372,26991,16015,12141
2024-10-07,1634,24805,26906,16235,12125
2024-10-08,1561,25061,26925,15777,12075
2024-10-09,1574,24842,26849,15630,12152
2024-10-10,1578,24604,26793,15612,12152
2024-10-11,1578,25025,27189,16052,12194
2024-10-15,1523,24696,28828,16070,12301
2024-10-16,1505,25189,30053,16144,12358
2024-10-17,1488,25098,31108,16510,12422
2024-10-18,1505,25225,31390,16529,12508
2024-10-21,1476,25372,30976,16896,12551
2024-10-22,1484,25225,31748,16602,12510
2024-10-23,1471,25116,31541,16272,12266
2024-10-24,1480,25335,31296,16676,12451
2024-10-25,1484,25134,31541,16419,12371
2024-10-28,1505,25227,32596,16510,12489
2024-10-29,1484,25208,31654,16510,12400
2024-10-30,1471,25208,32276,16437,12635
2024-10-31,1454,25777,32973,16125,12462
2024-11-01,1437,25924,32785,15997,12462
2024-11-05,1420,25906,32973,15850,12492
2024-11-06,1454,25539,33218,16492,12471
2024-11-07,1420,25319,33256,16235,12426
2024-11-08,1360,25007,33915,15960,12305
2024-11-12,1411,24952,36007,15905,12407
2024-11-13,1420,25025,35649,15593,12355
2024-11-14,1476,24952,33463,15630,12375
2024-11-15,1493,25025,32502,15575,12321
2024-11-18,1527,25208,31277,15593,12444
2024-11-19,1523,25135,31070,15520,12587
2024-11-20,1501,25043,32012,15868,12754
2024-11-21,1540,25043,31843,15813,12776
2024-11-22,1565,25484,31730,15813,12776
2024-11-25,1553,24493,33312,15318,12861
2024-11-26,1505,25249,34367,15575,12861
2024-11-27,1514,25323,33651,15868,12804
2024-11-28,1523,25231,33708,15575,12807
2024-11-29,1540,25323,33915,15410,12788
2024-12-02,1518,25323,33256,15795,12858
2024-12-03,1523,25084,32954,15556,12846
2024-12-04,1501,24899,32596,15410,12751
2024-12-05,1514,24844,33275,15740,12725
2024-12-06,1480,25157,33312,15483,12714
2024-12-09,1531,25047,33275,15428,12747
2024-12-10,1565,24789,33350,15373,12770
2024-12-11,1548,24789,33161,15520,12761
2024-12-12,1553,24807,33256,15754,12770
2024-12-13,1523,24752,33444,15754,12799
2024-12-16,1480,24752,33444,15735,12742
2024-12-17,1488,24715,33915,15473,12744
2024-12-18,1441,24033,33444,15285,12562
2024-12-19,1437,24015,35347,15229,12613
2024-12-20,1411,24604,34857,15192,12719
2024-12-23,1441,24586,35140,15473,12750
2024-12-24,1420,24291,35283,15473,12871
2024-12-26,1420,24291,35283,15660,12867
2024-12-27,1420,24568,35187,15473,12964
2024-12-30,1433,24865,35378,15660,12853
2025-01-02,1535,24865,35549,15848,12996
2025-01-03,1531,24531,35283,15698,12912
2025-01-07,1578,24994,34997,16223,13093
2025-01-08,1574,24865,34541,15979,13099
2025-01-09,1553,24902,34408,15979,13020
2025-01-10,1578,24865,34598,16017,13041
2025-01-13,1582,24624,34617,15979,13003
2025-01-14,1574,24587,34255,15886,12991
2025-01-15,1578,24624,34065,15942,12973
2025-01-16,1600,25457,33704,16017,12973
2025-01-17,1570,25179,34236,16036,12870
2025-01-20,1557,25346,34236,15867,12899
2025-01-21,1557,25346,34236,15867,12871
2025-01-22,1505,25365,34236,15623,12874
2025-01-23,1518,25827,33951,15698,12890
2025-01-24,1505,25920,34236,15773,13154
2025-01-27,1535,26124,34046,15848,13282
2025-01-28,1561,26850,34845,15979,13610
2025-01-29,1612,27333,35130,16861,13952
2025-01-30,1732,26980,35168,17386,14192
2025-01-31,1677,27426,34427,17330,14061
2025-02-03,1715,26998,34312,16823,13748
2025-02-04,1754,27036,35549,17255,13894
2025-02-05,1698,27240,34902,16880,13878
2025-02-06,1711,27073,35092,17048,13961
2025-02-07,1711,26850,35263,16880,13924
2025-02-10,1728,26980,35092,17217,13979
2025-02-11,1736,26720,35815,16973,14021
2025-02-12,1702,26496,35663,16936,14043
2025-02-13,1792,26515,35568,16617,14090
2025-02-14,1818,27129,35606,16748,14257
2025-02-17,1907,27761,36614,17048,14376
2025-02-18,1907,28374,37831,17611,14457
2025-02-19,1557,25474,34236,15979,14681
2025-02-20,1912,28728,41940,18567,14978
2025-02-21,1835,28374,41825,19036,14995
2025-02-24,1835,28914,41749,19224,15120
2025-02-25,1818,28765,42206,19205,15143
2025-02-26,1788,28280,41921,18830,15111
2025-02-27,1754,28000,41844,19411,14903
2025-02-28,1762,27440,40418,19430,14859
2025-03-03,1677,28000,39372,18755,14774
2025-03-04,1612,27907,37527,18905,14312
2025-03-05,1651,27963,38611,18530,14595
2025-03-06,1711,27963,39942,18192,14598
2025-03-07,1762,28803,38991,17817,14746
2025-03-10,1732,28747,38269,17630,14603
2025-03-11,1694,28299,38801,17573,14481
2025-03-12,1724,28653,38421,18024,14681
2025-03-13,1719,28467,37394,17723,14642
2025-03-14,1779,28728,38021,18211,14762
2025-03-17,1813,28280,38097,18286,15108
2025-03-18,1805,28373,37299,18174,14841
2025-03-19,1822,28373,37603,17723,14841
2025-03-20,1796,28392,38059,17723,14820
2025-03-21,1796,28392,38059,17723,14820
2025-03-25,1813,29213,39353,18080,14915
2025-03-26,1839,28952,39353,17817,15123
2025-03-27,1860,28429,39657,17949,15097
2025-03-28,1831,28848,40323,18174,15090
2025-03-31,1868,28604,40418,17911,15113
2025-04-01,1877,28622,40418,18755,15357
2025-04-02,1873,29729,41369,18961,15681
2025-04-03,1801,29541,42073,19224,15665
2025-04-04,1738,28679,40798,18661,15291
2025-04-07,1747,28322,41103,18661,15300
2025-04-08,1630,27760,40133,17723,14774
2025-04-09,1729,28266,40893,18174,15051
2025-04-10,1607,26822,40057,18399,14702
2025-04-11,1688,27760,40893,18005,14977
2025-04-14,1729,27797,40893,18005,15041
2025-04-15,1729,27797,41061,17817,15041
2025-04-16,1715,28116,41061,18549,15336
2025-04-21,1733,27760,40582,18549,15328
2025-04-22,1742,28041,41349,18417,15526
2025-04-23,1754,28604,41061,18811,15660
2025-04-24,1754,28229,41157,18868,15656
2025-04-25,1744,28366,40774,18999,15660
2025-04-28,1701,28272,40639,19036,15535
2025-04-29,1668,28800,41061,19224,15614
2025-04-30,1644,29120,41253,20443,15598
2025-05-02,1654,29026,41445,20312,15763
2025-05-05,1616,29026,41157,20518,15778
2025-05-06,1644,29120,41253,20443,15845
2025-05-07,1611,29214,42692,20912,15763
2025-05-08,1639,29968,42213,20631,15898
2025-05-09,1639,30157,42117,20443,15845
2025-05-12,1668,30157,41464,21006,15793
2025-05-13,1735,30628,42213,21362,16297
2025-05-14,1735,30684,43114,20931,16159
2025-05-15,1716,30515,43057,19880,16027
2025-05-16,1725,30307,42980,19693,15985
2025-05-19,1720,30722,43364,19599,15908
2025-05-20,1706,30402,44131,19880,16012
2025-05-21,1692,30911,44131,19938,15937
2025-05-22,1697,30816,43824,19840,15820
2025-05-23,1697,31099,43959,19646,15879
2025-05-26,1677,30816,43959,19646,15935
2025-05-27,1697,31125,43844,18965,15885
2025-05-28,1697,30746,43844,19549,15928
2025-05-29,1711,30197,43652,18965,15908
2025-05-30,1658,30860,43076,18790,15658
2025-06-03,1692,30992,43191,19062,15745
2025-06-04,1682,30765,43364,19568,15963
2025-06-05,1697,30765,43076,19451,16023
2025-06-06,1758,31030,43076,19257,15940
2025-06-09,1763,30765,42635,18965,15735
2025-06-10,1806,30292,43306,18848,15979
2025-06-11,1839,30841,43556,18965,15901
2025-06-12,1835,30765,43690,18479,15959
2025-06-13,1892,30481,43844,18673,15954
2025-06-16,1854,30595,44035,18557,15852
2025-06-17,1873,30292,44611,18673,15735
2025-06-18,1878,30292,45187,18693,15969
2025-06-19,1901,30254,45283,18693,15946
2025-06-20,1906,30652,45474,18868,15949
2025-06-24,1830,30671,45666,19004,16086
2025-06-25,1811,30292,46050,19004,16127
2025-06-26,1792,30273,46415,19315,16069
2025-06-27,1735,30292,46434,19237,16070
2025-07-01,1711,30178,47988,19257,16189
2025-07-02,1768,30103,48967,19432,16353
2025-07-03,1735,30292,48736,19315,16297
2025-07-04,1749,30292,48928,19432,16300
2025-07-07,1716,30292,49293,19354,16225
2025-07-08,1758,30292,49005,19451,16251
2025-07-09,1720,30292,51088,19257,16124
2025-07-10,1725,30008,53987,18887,16207
2025-07-11,1735,30481,52943,19451,16293
2025-07-14,1711,30481,48150,19490,16338
2025-07-15,1711,30481,48807,19315,16413
2025-07-16,1711,30387,49483,19568,16322
2025-07-17,1706,30311,51030,20210,16813
2025-07-18,1692,30424,52885,20132,16983
2025-07-21,1711,30140,42656,20210,16858
2025-07-22,1697,30576,42656,19763,16737
2025-07-23,1716,30292,42656,19568,16744
2025-07-24,1673,30557,42656,19179,16528
2025-07-25,1682,30614,42656,19160,16582
2025-07-28,1711,30886,44709,20229,16709
2025-07-29,1720,30696,42718,20054,17126
2025-07-30,1692,30581,44709,20424,16958
2025-07-31,1673,30715,44651,20424,17000
2025-08-01,1639,30334,44168,19568,16864
2025-08-04,1639,30334,44168,19568,16883
2025-08-05,1654,30619,43491,20405,16994
2025-08-06,1668,30429,43975,20619,17048
2025-08-08,1658,30715,44632,21397,17361
2025-08-11,1644,31095,44632,22077,17418
2025-08-12,1644,31418,44844,22272,17457
2025-08-13,1673,32046,44902,22330,17704
2025-08-14,1687,32426,45096,22175,17753
2025-08-15,1716,32388,45482,22486,17871
2025-08-19,1720,33282,45695,22214,17937
2025-08-20,1720,33282,45695,22447,17875
2025-08-21,1720,33853,45347,22817,17773
2025-08-22,1763,33834,45502,22972,17888
2025-08-25,1763,33282,45038,22564,17885
2025-08-26,1754,34071,45231,22369,17863
2025-08-27,1763,33899,45134,21591,17853
2025-08-28,1792,33421,45038,20949,17773
2025-08-29,1801,33536,44806,21202,17832
2025-09-01,1797,33708,44052,21124,17841
2025-09-02,1797,33708,44052,21124,17548
2025-09-03,1720,33421,43259,21397,17609
2025-09-04,1730,33421,42969,22311,17896
2025-09-05,1716,33421,42989,21630,17983
2025-09-08,1725,33192,43491,21455,18040
2025-09-09,1735,33383,43375,21591,17981
2025-09-10,1758,33326,42583,21863,18061
2025-09-11,1725,33135,43317,21416,17888
2025-09-12,1706,33135,43298,21455,17776
2025-09-15,1725,33402,41558,21630,17834
2025-09-16,1730,33230,42022,21397,17694
2025-09-17,1720,33708,41655,21338,17717
2025-09-18,1677,33421,42390,21688,17683
2025-09-19,1649,31034,43008,21883,17789
2025-09-22,1658,32295,42525,22272,17859
2025-09-23,1730,32467,43008,22000,17968
2025-09-24,1778,32772,42699,22272,18069
2025-09-25,1773,32778,41926,22272,18037
2025-09-26,1758,32682,42505,22000,18072
2025-09-29,1716,32874,42505,22836,18064
2025-09-30,1797,33852,44052,21124,17968
2025-10-01,1701,33104,41829,22700,17950
2025-10-02,1677,33104,41752,22194,17789
2025-10-03,1692,33123,41926,22525,17917
2025-10-06,1706,33181,41616,22369,17803
2025-10-07,1677,33181,41558,22077,17936
2025-10-08,1677,33104,41924,22544,17948
2025-10-09,1673,33564,41553,22525,18164
2025-10-10,1649,33564,41573,22252,18059
2025-10-14,1644,33852,41963,22291,18309
2025-10-15,1658,33929,42275,21980,18256
2025-10-16,1644,34619,42489,22077,18291
2025-10-17,1658,34658,43289,22272,18363
2025-10-20,1630,34581,42314,22097,18362
2025-10-21,1606,34581,43172,22077,18218
2025-10-22,1639,34523,42996,22836,18353
2025-10-23,1692,34619,43172,22797,18561
2025-10-24,1687,34638,43874,23633,18727
2025-10-27,1697,35482,44303,24412,18769
2025-10-28,1720,35931,44186,24742,19044
2025-10-29,1725,36971,44361,24995,19116
2025-10-30,1716,37260,44751,24995,19160
2025-10-31,1697,36682,45687,24314,19115
2025-11-04,1716,36913,47286,25267,19334
2025-11-05,1744,36701,50016,25579,19598
2025-11-06,1744,36971,50016,24917,19635
2025-11-07,1778,36817,51674,25170,19943
2025-11-10,1773,37067,52532,24606,19894
2025-11-11,1801,37067,52532,25365,19976
2025-11-12,1792,36586,52629,24878,19890
2025-11-13,1782,37510,54209,23536,19901
2025-11-14,1859,37067,54131,23556,19968
2025-11-18,1887,36990,54033,23867,19749
2025-11-19,1854,37433,54209,23400,19762
2025-11-20,1811,37163,52746,22583,19625
2025-11-21,1773,36971,53039,22758,19447
2025-11-24,1730,35950,53136,22661,19509
2025-11-25,1758,36555,53565,23984,19457
2025-11-26,1758,36980,53136,24061,19580
2025-11-27,1778,37019,53136,24314,19656
2025-11-28,1792,37212,53780,24509,19737
2025-12-01,1806,37212,53136,24781,20034
2025-12-02,1801,37212,53136,25034,20169
2025-12-03,1716,37058,47286,25267,20213
2025-12-04,1816,36922,53409,24645,20288
2025-12-05,1816,37212,53234,25073,20378
2025-12-09,1844,37560,54794,24723,20460
2025-12-10,1806,38179,55554,25007,20395
2025-12-11,1778,37889,56061,25007,20353
2025-12-12,1778,37792,56061,25582,20502
2025-12-15,1758,37696,56061,25503,20382
2025-12-16,1716,36942,54014,25205,20028
2025-12-17,1730,37038,53136,24868,19911
2025-12-18,1701,37116,53136,25205,19888
2025-12-19,1682,37116,53234,24788,19892
2025-12-22,1687,37077,53624,25007,19872
2025-12-23,1716,38566,53585,24510,19973
2025-12-24,1716,38707,53156,24848,19923
2025-12-26,1716,38804,53780,24788,20184
2025-12-29,1758,38901,55574,25106,20411
2025-12-30,1782,38591,52649,24471,19555
